source_path,category,status,reason,extension,size_bytes,concepts,notebook_headings,library_path
1.Python Learning/Copilot-Daily-python-Learning/interface_report.txt,01-network-fundamentals,copied,Reusable tracked text source,.txt,140,Interfaces,,library/01-network-fundamentals/1.Python Learning/Copilot-Daily-python-Learning/interface_report.txt
1.Python Learning/Network Coding/device_information copy.ipynb,01-network-fundamentals,reference-only,"Duplicate, checkpoint, or draft variant",.ipynb,694494,AI/RAG; BGP; CDP/LLDP; DNS; HTTP/TLS; TCP/UDP; YAML/JSON/CSV,,
1.Python Learning/Network Coding/device_information.ipynb,01-network-fundamentals,copied,Reusable tracked text source,.ipynb,760729,AI/RAG; BGP; CDP/LLDP; DNS; HTTP/TLS; TCP/UDP; YAML/JSON/CSV,1. Get Hostname and IP Address; Sample Output; 2. Detailed CPU Information; 3. RAM Usage Information; 4. Disk Partitions and Storage; 5. Battery Information (Laptop); 6. Logged-in User Information; 7. System Uptime; 8. Running Processes; 9. Network Interface Information; 10. Open TCP Connections; 11. MAC Address Finder,library/01-network-fundamentals/1.Python Learning/Network Coding/device_information.ipynb
1.Python Learning/Network Coding/TCP tests.ipynb,01-network-fundamentals,copied,Reusable tracked text source,.ipynb,54932,AI/RAG; BGP; Interfaces; Ping/reachability; pytest; TCP/UDP; YAML/JSON/CSV,Packet statistics; RTT statistics; Python example — Test-NetConnection; Better for network automation: return only True/False,library/01-network-fundamentals/1.Python Learning/Network Coding/TCP tests.ipynb
1.Python Learning/Network Coding/tls & http.ipynb,01-network-fundamentals,copied,Reusable tracked text source,.ipynb,360515,AI/RAG; DNS; HTTP/TLS; Ping/reachability; TCP/UDP; YAML/JSON/CSV,1. Basic HTTP/HTTPS health check; 2. Check HTTP status codes; 3. Examine HTTP headers; 4. Check HTTP redirects; 5. Inspect the TLS certificate; 6. Check certificate expiration; 7. Display TLS version and cipher; 8. Measure DNS → TCP → TLS separately; DNS; TCP; TLS; 9. Send a raw HTTP request over TLS,library/01-network-fundamentals/1.Python Learning/Network Coding/tls & http.ipynb
1.Python Learning/Network Coding/UDP_tests.ipynb,01-network-fundamentals,copied,Reusable tracked text source,.ipynb,48589,DNS; HTTP/TLS; Packet analysis; Ping/reachability; SNMP/telemetry; TCP/UDP,1. Test DNS over UDP with PowerShell; 2. Python UDP DNS test; 3. Basic UDP client using Python sockets; 4. Create your own UDP server for testing; 5. Use `iperf3` for UDP network testing; 6. Why `Test-NetConnection -Port` isn't a UDP test,library/01-network-fundamentals/1.Python Learning/Network Coding/UDP_tests.ipynb
1.Python Learning/file and exception handling/bgp_neighbors.xlsx,02-routing-and-switching,reference-only,"Binary, captured evidence, generated output, or office document",.xlsx,8913,BGP,,
1.Python Learning/file and exception handling/show_ip_bgp.txt,02-routing-and-switching,copied,Reusable tracked text source,.txt,140,BGP,,library/02-routing-and-switching/1.Python Learning/file and exception handling/show_ip_bgp.txt
1.Python Learning/file and exception handling/show_ip_bgp_1.txt,02-routing-and-switching,copied,Reusable tracked text source,.txt,55,BGP,,library/02-routing-and-switching/1.Python Learning/file and exception handling/show_ip_bgp_1.txt
1.Python Learning/Network Coding/EVE-NG_3_Router_Automation/.env.example,02-routing-and-switching,copied,Reusable tracked text source,.example,282,EVE-NG,,library/02-routing-and-switching/1.Python Learning/Network Coding/EVE-NG_3_Router_Automation/.env.example
1.Python Learning/Network Coding/EVE-NG_3_Router_Automation/.gitignore,02-routing-and-switching,copied,Reusable tracked text source,[none],58,EVE-NG,,library/02-routing-and-switching/1.Python Learning/Network Coding/EVE-NG_3_Router_Automation/.gitignore
1.Python Learning/Network Coding/EVE-NG_3_Router_Automation/inventory.json,02-routing-and-switching,copied,Reusable tracked text source,.json,1407,EVE-NG; Interfaces; Inventory; YAML/JSON/CSV,,library/02-routing-and-switching/1.Python Learning/Network Coding/EVE-NG_3_Router_Automation/inventory.json
1.Python Learning/Network Coding/EVE-NG_3_Router_Automation/lab_automation.py,02-routing-and-switching,copied,Reusable tracked text source,.py,15216,BGP; CDP/LLDP; EVE-NG; Interfaces; Inventory; Netmiko; OSPF; Ping/reachability; Routing; Subnetting; YAML/JSON/CSV,,library/02-routing-and-switching/1.Python Learning/Network Coding/EVE-NG_3_Router_Automation/lab_automation.py
1.Python Learning/Network Coding/EVE-NG_3_Router_Automation/notebook_runner.py,02-routing-and-switching,copied,Reusable tracked text source,.py,539,EVE-NG,,library/02-routing-and-switching/1.Python Learning/Network Coding/EVE-NG_3_Router_Automation/notebook_runner.py
1.Python Learning/Network Coding/EVE-NG_3_Router_Automation/README.md,02-routing-and-switching,copied,Reusable tracked text source,.md,6890,ARP; BGP; CDP/LLDP; EVE-NG; Interfaces; Inventory; Netmiko; OSPF; Ping/reachability; Routing; Subnetting; TCP/UDP; YAML/JSON/CSV,,library/02-routing-and-switching/1.Python Learning/Network Coding/EVE-NG_3_Router_Automation/README.md
1.Python Learning/Network Coding/EVE-NG_3_Router_Automation/requirements.txt,02-routing-and-switching,copied,Reusable tracked text source,.txt,75,EVE-NG; Netmiko,,library/02-routing-and-switching/1.Python Learning/Network Coding/EVE-NG_3_Router_Automation/requirements.txt
1.Python Learning/Network Coding/EVE-NG_3_Router_Automation/three_router_lab.ipynb,02-routing-and-switching,copied,Reusable tracked text source,.ipynb,8583,BGP; EVE-NG; Interfaces; OSPF; Ping/reachability; Routing,"EVE-NG three-router automation; 1. Management SSH precheck; 2. Review generated configurations; 3. Back up and collect health; 4. Apply a scenario; 5. Add eBGP without touching OSPF; 6. Verify OSPF adjacencies, routes, and loopback pings; 7. Cleanup routing protocols",library/02-routing-and-switching/1.Python Learning/Network Coding/EVE-NG_3_Router_Automation/three_router_lab.ipynb
3.Notes/BGP Notes/BGP witty networks.ipynb,02-routing-and-switching,reference-only,Text source is larger than the 2 MB curated-library limit,.ipynb,2169292,BGP,,
3.Notes/BGP Notes/Cells.extra copy 2.ipynb,02-routing-and-switching,reference-only,"Duplicate, checkpoint, or draft variant",.ipynb,73681,BGP,,
"EVE-NG-Network-Automation/14-MAY-Configure-lldp,OSPF/Cells.extra copy 5.ipynb",02-routing-and-switching,reference-only,"Duplicate, checkpoint, or draft variant",.ipynb,22069,CDP/LLDP; EVE-NG; OSPF,,
"EVE-NG-Network-Automation/14-MAY-Configure-lldp,OSPF/ospf_automation.ipynb",02-routing-and-switching,copied,Reusable tracked text source,.ipynb,45008,CDP/LLDP; EVE-NG; Interfaces; Netmiko; OSPF; Ping/reachability; YAML/JSON/CSV,,"library/02-routing-and-switching/EVE-NG-Network-Automation/14-MAY-Configure-lldp,OSPF/ospf_automation.ipynb"
EVE-NG-Network-Automation/Automation_router_lab/Automation lab.ipynb,02-routing-and-switching,reference-only,Text source is larger than the 2 MB curated-library limit,.ipynb,2466218,EVE-NG,,
EVE-NG-Network-Automation/Automation_router_lab/devices.yaml,02-routing-and-switching,sensitive-review,Likely embedded credential or secret; review and sanitize,.yaml,300,EVE-NG; YAML/JSON/CSV,,
EVE-NG-Network-Automation/bgp/__init__.py,02-routing-and-switching,copied,Reusable tracked text source,.py,400,BGP; EVE-NG; Genie; pyATS,,library/02-routing-and-switching/EVE-NG-Network-Automation/bgp/__init__.py
EVE-NG-Network-Automation/bgp/bgp_neighbor_validator.py,02-routing-and-switching,copied,Reusable tracked text source,.py,10070,BGP; EVE-NG; Genie; Ping/reachability; pyATS,,library/02-routing-and-switching/EVE-NG-Network-Automation/bgp/bgp_neighbor_validator.py
EVE-NG-Network-Automation/bgp/bgp_neighbor_validator_draft.py,02-routing-and-switching,reference-only,"Duplicate, checkpoint, or draft variant",.py,16108,BGP; EVE-NG; Genie; Ping/reachability; pyATS; Subnetting; YAML/JSON/CSV,,
EVE-NG-Network-Automation/bgp/conftest.py,02-routing-and-switching,copied,Reusable tracked text source,.py,5173,BGP; EVE-NG; Genie; pytest,,library/02-routing-and-switching/EVE-NG-Network-Automation/bgp/conftest.py
EVE-NG-Network-Automation/bgp/examples.py,02-routing-and-switching,copied,Reusable tracked text source,.py,13459,BGP; EVE-NG; Genie; Inventory; YAML/JSON/CSV,,library/02-routing-and-switching/EVE-NG-Network-Automation/bgp/examples.py
EVE-NG-Network-Automation/bgp/IMPLEMENTATION_CHECKLIST.md,02-routing-and-switching,copied,Reusable tracked text source,.md,10295,AI/RAG; Ansible; BGP; EVE-NG; Genie; Interfaces; Inventory; pyATS; YAML/JSON/CSV,,library/02-routing-and-switching/EVE-NG-Network-Automation/bgp/IMPLEMENTATION_CHECKLIST.md
EVE-NG-Network-Automation/bgp/INDEX.md,02-routing-and-switching,sensitive-review,Likely embedded credential or secret; review and sanitize,.md,7870,AI/RAG; BGP; EVE-NG; Genie; Inventory; pyATS; pytest; YAML/JSON/CSV,,
EVE-NG-Network-Automation/bgp/QUICKSTART.md,02-routing-and-switching,sensitive-review,Likely embedded credential or secret; review and sanitize,.md,8711,AI/RAG; Ansible; BGP; EVE-NG; Genie; Inventory; pyATS; pytest; YAML/JSON/CSV,,
EVE-NG-Network-Automation/bgp/README.md,02-routing-and-switching,copied,Reusable tracked text source,.md,8857,AI/RAG; BGP; EVE-NG; Genie; Inventory; pyATS; pytest; YAML/JSON/CSV,,library/02-routing-and-switching/EVE-NG-Network-Automation/bgp/README.md
EVE-NG-Network-Automation/bgp/validate_bgp_neighbors.py,02-routing-and-switching,copied,Reusable tracked text source,.py,8582,BGP; EVE-NG; Genie; Inventory; Ping/reachability; pyATS; YAML/JSON/CSV,,library/02-routing-and-switching/EVE-NG-Network-Automation/bgp/validate_bgp_neighbors.py
EVE-NG-Network-Automation/Labs/20-JAN/Conencting_2_routers copy.ipynb,02-routing-and-switching,reference-only,"Duplicate, checkpoint, or draft variant",.ipynb,122356,Ansible; ARP; BGP; EVE-NG; HTTP/TLS; Interfaces; Inventory; Netmiko; OSPF; Ping/reachability; Routing; Subnetting; YAML/JSON/CSV,,
EVE-NG-Network-Automation/Labs/20-JAN/Conencting_2_routers.ipynb,02-routing-and-switching,copied,Reusable tracked text source,.ipynb,122356,Ansible; ARP; BGP; EVE-NG; HTTP/TLS; Interfaces; Inventory; Netmiko; OSPF; Ping/reachability; Routing; Subnetting; YAML/JSON/CSV,1️⃣ Importing Netmiko; 2️⃣ Routers Inventory (Data Model); What this is:; Key fields:; 3️⃣ Looping Through Routers; 4️⃣ Connecting to the Router; What happens:; 5️⃣ Configuration Commands (Network Automation Core); What this config does (on each router):; On R1:; On R2:; Networking Meaning:,library/02-routing-and-switching/EVE-NG-Network-Automation/Labs/20-JAN/Conencting_2_routers.ipynb
EVE-NG-Network-Automation/Labs/connect_routers.py,02-routing-and-switching,copied,Reusable tracked text source,.py,653,EVE-NG; Interfaces; Netmiko,,library/02-routing-and-switching/EVE-NG-Network-Automation/Labs/connect_routers.py
EVE-NG-Network-Automation/Labs/connect_routers_1.py,02-routing-and-switching,copied,Reusable tracked text source,.py,466,EVE-NG; Interfaces; Netmiko,,library/02-routing-and-switching/EVE-NG-Network-Automation/Labs/connect_routers_1.py
EVE-NG-Network-Automation/vlan/edit.ipynb,02-routing-and-switching,copied,Reusable tracked text source,.ipynb,6374,EVE-NG; Inventory; Netmiko; pyATS; pytest; VLAN,Example: VLAN validation + pytest; 1️⃣ Project structure (VS Code); 2️⃣ VLAN logic (vlan_utils.py); vlan_utils.py; Simulate successful VLAN creation; 3️⃣ Pytest file (test_vlan_utils.py); test_vlan_utils.py; ----------------------; VALID VLAN TESTS; INVALID VLAN ID TESTS; INVALID VLAN NAME TESTS; 4️⃣ requirements.txt,library/02-routing-and-switching/EVE-NG-Network-Automation/vlan/edit.ipynb
EVE-NG-Network-Automation/vlan/read_vlan_yaml.py,02-routing-and-switching,copied,Reusable tracked text source,.py,255,EVE-NG; Interfaces; VLAN; YAML/JSON/CSV,,library/02-routing-and-switching/EVE-NG-Network-Automation/vlan/read_vlan_yaml.py
EVE-NG-Network-Automation/vlan/vlan_utils.py,02-routing-and-switching,copied,Reusable tracked text source,.py,559,EVE-NG; VLAN,,library/02-routing-and-switching/EVE-NG-Network-Automation/vlan/vlan_utils.py
EVE-NG-Network-Automation/yaml_files/bgp.yml,02-routing-and-switching,copied,Reusable tracked text source,.yml,128,BGP; EVE-NG; YAML/JSON/CSV,,library/02-routing-and-switching/EVE-NG-Network-Automation/yaml_files/bgp.yml
EVE-NG-Network-Automation/yaml_files/vlan.yml,02-routing-and-switching,copied,Reusable tracked text source,.yml,185,EVE-NG; Interfaces; VLAN; YAML/JSON/CSV,,library/02-routing-and-switching/EVE-NG-Network-Automation/yaml_files/vlan.yml
Network-Public/Asics.ipynb,02-routing-and-switching,copied,Reusable tracked text source,.ipynb,485206,AI/RAG; BGP; CDP/LLDP; DNS; HTTP/TLS; TCP/UDP; YAML/JSON/CSV,,library/02-routing-and-switching/Network-Public/Asics.ipynb
Network-Public/SONiC,02-routing-and-switching,reference-only,Tracked directory or Git submodule reference,[none],0,,,
Network-Public/sonic-mgmt,02-routing-and-switching,reference-only,Tracked directory or Git submodule reference,[none],0,,,
Network-Public/Sonic.ipynb,02-routing-and-switching,copied,Reusable tracked text source,.ipynb,1847277,AI/RAG; BGP; CDP/LLDP; DNS; HTTP/TLS; OSPF; Ping/reachability; TCP/UDP; YAML/JSON/CSV,,library/02-routing-and-switching/Network-Public/Sonic.ipynb
VSCODE-INSPIRON-main/Automation.practice/ospf_for_routers.py,02-routing-and-switching,copied,Reusable tracked text source,.py,2110,Netmiko; OSPF,,library/02-routing-and-switching/VSCODE-INSPIRON-main/Automation.practice/ospf_for_routers.py
VSCODE-INSPIRON-main/Automation.practice/second_ospf.py,02-routing-and-switching,copied,Reusable tracked text source,.py,1226,Netmiko; OSPF,,library/02-routing-and-switching/VSCODE-INSPIRON-main/Automation.practice/second_ospf.py
3.Notes/.ipynb_checkpoints/PyATS-checkpoint.ipynb,03-labs-and-device-automation,reference-only,"Generated result, backup, cache, or operational evidence",.ipynb,2251859,pyATS,,
3.Notes/PyATS.ipynb,03-labs-and-device-automation,reference-only,Text source is larger than the 2 MB curated-library limit,.ipynb,2251859,pyATS,,
Ansible/Python/tasks/main.yml,03-labs-and-device-automation,copied,Reusable tracked text source,.yml,304,Ansible; HTTP/TLS,,library/03-labs-and-device-automation/Ansible/Python/tasks/main.yml
EVE-NG-Network-Automation/10 scripts for automation.ipynb,03-labs-and-device-automation,copied,Reusable tracked text source,.ipynb,867523,AI/RAG; Ansible; ARP; BGP; CDP/LLDP; DNS; EVE-NG; HTTP/TLS; Interfaces; Netmiko; OSPF; Ping/reachability; Routing; TCP/UDP; VLAN; YAML/JSON/CSV,,library/03-labs-and-device-automation/EVE-NG-Network-Automation/10 scripts for automation.ipynb
EVE-NG-Network-Automation/back up code/back up the device config.ipynb,03-labs-and-device-automation,reference-only,"Generated result, backup, cache, or operational evidence",.ipynb,624422,AI/RAG; BGP; CDP/LLDP; DNS; EVE-NG; HTTP/TLS; TCP/UDP; YAML/JSON/CSV,,
EVE-NG-Network-Automation/back up code/cisco_fortinet.yaml,03-labs-and-device-automation,reference-only,"Generated result, backup, cache, or operational evidence",.yaml,415,EVE-NG; YAML/JSON/CSV,,
EVE-NG-Network-Automation/back up code/R1_192.168.32.141_2026-08-11_10-31-43_backup.txt,03-labs-and-device-automation,reference-only,"Generated result, backup, cache, or operational evidence",.txt,1514,EVE-NG; HTTP/TLS; Interfaces,,
EVE-NG-Network-Automation/back up code/R1_192.168.32.141_2026-08-11_10-36-32_backup.txt,03-labs-and-device-automation,reference-only,"Generated result, backup, cache, or operational evidence",.txt,1514,EVE-NG; HTTP/TLS; Interfaces,,
EVE-NG-Network-Automation/back up code/R1_192.168.32.141_2026-08-11_10-37-13_backup.txt,03-labs-and-device-automation,reference-only,"Generated result, backup, cache, or operational evidence",.txt,1514,EVE-NG; HTTP/TLS; Interfaces,,
EVE-NG-Network-Automation/back up code/R1_192.168.32.141_backup.txt,03-labs-and-device-automation,reference-only,"Generated result, backup, cache, or operational evidence",.txt,1514,EVE-NG; HTTP/TLS; Interfaces,,
EVE-NG-Network-Automation/back up code/R1_192.168.32.141_backup_2026-08-11_10-29-26.txt,03-labs-and-device-automation,reference-only,"Generated result, backup, cache, or operational evidence",.txt,1514,EVE-NG; HTTP/TLS; Interfaces,,
EVE-NG-Network-Automation/back up code/R2_192.168.32.140_2026-08-11_10-31-43_backup.txt,03-labs-and-device-automation,reference-only,"Generated result, backup, cache, or operational evidence",.txt,1514,EVE-NG; HTTP/TLS; Interfaces,,
EVE-NG-Network-Automation/back up code/R2_192.168.32.140_2026-08-11_10-36-32_backup.txt,03-labs-and-device-automation,reference-only,"Generated result, backup, cache, or operational evidence",.txt,1514,EVE-NG; HTTP/TLS; Interfaces,,
EVE-NG-Network-Automation/back up code/R2_192.168.32.140_2026-08-11_10-37-13_backup.txt,03-labs-and-device-automation,reference-only,"Generated result, backup, cache, or operational evidence",.txt,1514,EVE-NG; HTTP/TLS; Interfaces,,
EVE-NG-Network-Automation/back up code/R2_192.168.32.140_backup.txt,03-labs-and-device-automation,reference-only,"Generated result, backup, cache, or operational evidence",.txt,1514,EVE-NG; HTTP/TLS; Interfaces,,
EVE-NG-Network-Automation/back up code/R2_192.168.32.140_backup_2026-08-11_10-29-26.txt,03-labs-and-device-automation,reference-only,"Generated result, backup, cache, or operational evidence",.txt,1514,EVE-NG; HTTP/TLS; Interfaces,,
EVE-NG-Network-Automation/backup_20260812_222308.txt,03-labs-and-device-automation,reference-only,"Generated result, backup, cache, or operational evidence",.txt,1514,EVE-NG; HTTP/TLS; Interfaces,,
EVE-NG-Network-Automation/Chat-GPT-Network-Learning/2026-07-21_Python-ipaddress-for-Network-Automation.docx,03-labs-and-device-automation,reference-only,"Binary, captured evidence, generated output, or office document",.docx,40008,EVE-NG; Subnetting,,
EVE-NG-Network-Automation/Chat-GPT-Network-Learning/2026-07-22_YAML-Device-Inventories-and-Validation.docx,03-labs-and-device-automation,reference-only,"Binary, captured evidence, generated output, or office document",.docx,41231,EVE-NG; YAML/JSON/CSV,,
"EVE-NG-Network-Automation/Chat-GPT-Network-Learning/July 21, 2026 — Python ipaddress for Network Automation.ipynb",03-labs-and-device-automation,copied,Reusable tracked text source,.ipynb,466704,AI/RAG; BGP; CDP/LLDP; DNS; EVE-NG; HTTP/TLS; Interfaces; Ping/reachability; SNMP/telemetry; Subnetting; TCP/UDP; YAML/JSON/CSV,What is good in your code ✅; Improvement #1: Catch ValueError instead; Improvement #2: Add more useful network information; Improvement #3: Better output formatting; Improvement #4: Add type hints; Improvement #5: Network Automation Version; Interview Feedback 🎯; What the code does; Step 1: Define the approved network; Step 2: Define devices; Step 3: Loop through devices; Step 4: Convert string to IP object,"library/03-labs-and-device-automation/EVE-NG-Network-Automation/Chat-GPT-Network-Learning/July 21, 2026 — Python ipaddress for Network Automation.ipynb"
"EVE-NG-Network-Automation/Chat-GPT-Network-Learning/July 22, 2026 — YAML Device Inventories and Validation.ipynb",03-labs-and-device-automation,copied,Reusable tracked text source,.ipynb,427484,AI/RAG; BGP; CDP/LLDP; DNS; EVE-NG; HTTP/TLS; Packet analysis; SNMP/telemetry; TCP/UDP; YAML/JSON/CSV,The Code; Step 1: Import Modules; What is `Path`?; What is `yaml`?; Step 2: Create Path Object; Step 3: Open the File; Why use `with`?; Step 4: Read YAML Content; What Does `safe_load()` Mean?; Visual Representation; Step 5: Get the Devices List; What is `.get()`?,"library/03-labs-and-device-automation/EVE-NG-Network-Automation/Chat-GPT-Network-Learning/July 22, 2026 — YAML Device Inventories and Validation.ipynb"
EVE-NG-Network-Automation/EAPI-Feature/EAPI_feature.ipynb,03-labs-and-device-automation,sensitive-review,Likely embedded credential or secret; review and sanitize,.ipynb,25670,EVE-NG; HTTP/TLS; Interfaces; YAML/JSON/CSV,,
EVE-NG-Network-Automation/Labs/19-JAN/lab_automation.ipynb,03-labs-and-device-automation,copied,Reusable tracked text source,.ipynb,213088,AI/RAG; BGP; CDP/LLDP; DNS; EVE-NG; HTTP/TLS; Interfaces; Inventory; Netmiko; TCP/UDP; YAML/JSON/CSV,,library/03-labs-and-device-automation/EVE-NG-Network-Automation/Labs/19-JAN/lab_automation.ipynb
EVE-NG-Network-Automation/Labs/19-JAN/show_ip_int_br.py,03-labs-and-device-automation,copied,Reusable tracked text source,.py,652,EVE-NG; Interfaces; Netmiko,,library/03-labs-and-device-automation/EVE-NG-Network-Automation/Labs/19-JAN/show_ip_int_br.py
EVE-NG-Network-Automation/Labs/19-JAN/test1.py,03-labs-and-device-automation,copied,Reusable tracked text source,.py,13,EVE-NG,,library/03-labs-and-device-automation/EVE-NG-Network-Automation/Labs/19-JAN/test1.py
EVE-NG-Network-Automation/Labs/20-JAN/Cells.extra copy.ipynb,03-labs-and-device-automation,reference-only,"Duplicate, checkpoint, or draft variant",.ipynb,73682,EVE-NG,,
EVE-NG-Network-Automation/Labs/Notes.ipynb,03-labs-and-device-automation,copied,Reusable tracked text source,.ipynb,80640,BGP; EVE-NG; Interfaces; Inventory; Netmiko; OSPF; Ping/reachability; pytest; YAML/JSON/CSV,1️⃣ What we are going to build; 2️⃣ EVE-NG: Prepare the Routers (VERY IMPORTANT); A. Check router interfaces; 🔹 Router-1 Configuration; 🔹 Router-2 Configuration; ✅ Verify from EVE-NG CLI; 3️⃣ Find Router Management IP from Your PC; Quick check:; 4️⃣ VS Code: Python Environment Setup; A. Create virtual environment; B. Install required libraries; 5️⃣ First Automation Script (Netmiko),library/03-labs-and-device-automation/EVE-NG-Network-Automation/Labs/Notes.ipynb
EVE-NG-Network-Automation/Labs/push_config.py,03-labs-and-device-automation,copied,Reusable tracked text source,.py,601,EVE-NG; Interfaces; Netmiko,,library/03-labs-and-device-automation/EVE-NG-Network-Automation/Labs/push_config.py
EVE-NG-Network-Automation/Labs/push_config_verify.py,03-labs-and-device-automation,copied,Reusable tracked text source,.py,450,EVE-NG; Interfaces; Netmiko,,library/03-labs-and-device-automation/EVE-NG-Network-Automation/Labs/push_config_verify.py
EVE-NG-Network-Automation/Labs/verifying_commands.ipynb,03-labs-and-device-automation,copied,Reusable tracked text source,.ipynb,84151,EVE-NG; HTTP/TLS; Interfaces; Netmiko,,library/03-labs-and-device-automation/EVE-NG-Network-Automation/Labs/verifying_commands.ipynb
EVE-NG-Network-Automation/Labs/verifying_commands.py,03-labs-and-device-automation,copied,Reusable tracked text source,.py,599,EVE-NG; Interfaces; Netmiko,,library/03-labs-and-device-automation/EVE-NG-Network-Automation/Labs/verifying_commands.py
EVE-NG-Network-Automation/second_folder/Cells.extra copy.ipynb,03-labs-and-device-automation,reference-only,"Duplicate, checkpoint, or draft variant",.ipynb,73681,EVE-NG,,
EVE-NG-Network-Automation/second_folder/Cells.extra.ipynb,03-labs-and-device-automation,reference-only,"Duplicate, checkpoint, or draft variant",.ipynb,73681,EVE-NG,,
Network-Automation-Engineer-Course/examples/cli_netmiko.py,03-labs-and-device-automation,sensitive-review,Likely embedded credential or secret; review and sanitize,.py,3622,Interfaces; Netmiko; Ping/reachability; YAML/JSON/CSV,,
Network-Automation-Engineer-Course/notes/01-network-foundations.md,03-labs-and-device-automation,copied,Reusable tracked text source,.md,7802,ARP; BGP; CDP/LLDP; DNS; HTTP/TLS; Interfaces; OSPF; Packet analysis; Ping/reachability; Routing; SNMP/telemetry; Subnetting; TCP/UDP; VLAN,,library/03-labs-and-device-automation/Network-Automation-Engineer-Course/notes/01-network-foundations.md
Network-Public/Ansible & python.ipynb,03-labs-and-device-automation,copied,Reusable tracked text source,.ipynb,441815,AI/RAG; Ansible; BGP; CDP/LLDP; DNS; HTTP/TLS; TCP/UDP; YAML/JSON/CSV,,library/03-labs-and-device-automation/Network-Public/Ansible & python.ipynb
Network-Public/PYATS_notes.ipynb,03-labs-and-device-automation,copied,Reusable tracked text source,.ipynb,251690,AI/RAG; BGP; CDP/LLDP; DNS; HTTP/TLS; pyATS; TCP/UDP; VLAN; YAML/JSON/CSV,,library/03-labs-and-device-automation/Network-Public/PYATS_notes.ipynb
1.Python Learning/Copilot-Daily-python-Learning/ping_commands.txt,04-observability-and-troubleshooting,copied,Reusable tracked text source,.txt,96,Ping/reachability,,library/04-observability-and-troubleshooting/1.Python Learning/Copilot-Daily-python-Learning/ping_commands.txt
1.Python Learning/Copilot-Daily-python-Learning/ping_commands1.txt,04-observability-and-troubleshooting,copied,Reusable tracked text source,.txt,96,Ping/reachability,,library/04-observability-and-troubleshooting/1.Python Learning/Copilot-Daily-python-Learning/ping_commands1.txt
1.Python Learning/Copilot-Daily-python-Learning/ping_commands2.txt,04-observability-and-troubleshooting,copied,Reusable tracked text source,.txt,96,Ping/reachability,,library/04-observability-and-troubleshooting/1.Python Learning/Copilot-Daily-python-Learning/ping_commands2.txt
1.Python Learning/Libraries_learning/FastAPI/__pycache__/ping.cpython-313.pyc,04-observability-and-troubleshooting,reference-only,"Binary, captured evidence, generated output, or office document",.pyc,790,Ping/reachability,,
1.Python Learning/Libraries_learning/FastAPI/__pycache__/tcp_ping.cpython-313.pyc,04-observability-and-troubleshooting,reference-only,"Binary, captured evidence, generated output, or office document",.pyc,1708,Ping/reachability; TCP/UDP,,
1.Python Learning/Libraries_learning/FastAPI/ping.py,04-observability-and-troubleshooting,copied,Reusable tracked text source,.py,419,Ping/reachability,,library/04-observability-and-troubleshooting/1.Python Learning/Libraries_learning/FastAPI/ping.py
1.Python Learning/Libraries_learning/FastAPI/tcp_ping.py,04-observability-and-troubleshooting,copied,Reusable tracked text source,.py,1241,Ping/reachability; TCP/UDP,,library/04-observability-and-troubleshooting/1.Python Learning/Libraries_learning/FastAPI/tcp_ping.py
1.Python Learning/Network Coding/2026-07-12/121910.pcap,04-observability-and-troubleshooting,reference-only,"Binary, captured evidence, generated output, or office document",.pcap,52936,Packet analysis,,
1.Python Learning/Network Coding/30sec_capture.pcap,04-observability-and-troubleshooting,reference-only,"Binary, captured evidence, generated output, or office document",.pcap,2194171,Packet analysis,,
1.Python Learning/Network Coding/capture.pcap,04-observability-and-troubleshooting,reference-only,"Binary, captured evidence, generated output, or office document",.pcap,83121,Packet analysis,,
1.Python Learning/Network Coding/capture123354.pcap,04-observability-and-troubleshooting,reference-only,"Binary, captured evidence, generated output, or office document",.pcap,19143,Packet analysis,,
1.Python Learning/Network Coding/capture_20260712_121648.pcap,04-observability-and-troubleshooting,reference-only,"Binary, captured evidence, generated output, or office document",.pcap,33166,Packet analysis,,
1.Python Learning/Network Coding/capture_20260712_121852.pcap,04-observability-and-troubleshooting,reference-only,"Binary, captured evidence, generated output, or office document",.pcap,39349,Packet analysis,,
1.Python Learning/Network Coding/capture_20260712_121928.pcap,04-observability-and-troubleshooting,reference-only,"Binary, captured evidence, generated output, or office document",.pcap,14260058,Packet analysis,,
1.Python Learning/Network Coding/counter_capture.pcap,04-observability-and-troubleshooting,reference-only,"Binary, captured evidence, generated output, or office document",.pcap,9903,Packet analysis,,
1.Python Learning/Network Coding/dns_20260712_122117.pcap,04-observability-and-troubleshooting,reference-only,"Binary, captured evidence, generated output, or office document",.pcap,8914,DNS; Packet analysis,,
1.Python Learning/Network Coding/dns_capture.pcap,04-observability-and-troubleshooting,reference-only,"Binary, captured evidence, generated output, or office document",.pcap,3674,DNS; Packet analysis,,
1.Python Learning/Network Coding/dns_capture_20260712_122151.pcap,04-observability-and-troubleshooting,reference-only,"Binary, captured evidence, generated output, or office document",.pcap,14016,DNS; Packet analysis,,
1.Python Learning/Network Coding/dns_capture_20260712_122311.pcap,04-observability-and-troubleshooting,reference-only,"Binary, captured evidence, generated output, or office document",.pcap,18466,DNS; Packet analysis,,
1.Python Learning/Network Coding/dns_testing.ipynb,04-observability-and-troubleshooting,copied,Reusable tracked text source,.ipynb,50593,DNS; HTTP/TLS; Routing; TCP/UDP; YAML/JSON/CSV,,library/04-observability-and-troubleshooting/1.Python Learning/Network Coding/dns_testing.ipynb
1.Python Learning/Network Coding/Eve-ng_down_monitor/eve_ng_monitor.py,04-observability-and-troubleshooting,copied,Reusable tracked text source,.py,6581,EVE-NG; HTTP/TLS; Interfaces; Ping/reachability; Routing; YAML/JSON/CSV,,library/04-observability-and-troubleshooting/1.Python Learning/Network Coding/Eve-ng_down_monitor/eve_ng_monitor.py
1.Python Learning/Network Coding/Eve-ng_down_monitor/eve_ng_pingtest.py,04-observability-and-troubleshooting,copied,Reusable tracked text source,.py,2041,EVE-NG; Ping/reachability,,library/04-observability-and-troubleshooting/1.Python Learning/Network Coding/Eve-ng_down_monitor/eve_ng_pingtest.py
1.Python Learning/Network Coding/Eve-ng_down_monitor/eve_ng_results.ipynb,04-observability-and-troubleshooting,copied,Reusable tracked text source,.ipynb,27321,AI/RAG; EVE-NG; HTTP/TLS; Ping/reachability,,library/04-observability-and-troubleshooting/1.Python Learning/Network Coding/Eve-ng_down_monitor/eve_ng_results.ipynb
1.Python Learning/Network Coding/Eve-ng_down_monitor/ping_results/EVE_NG_Ping_2026-08-27_23-01-35.txt,04-observability-and-troubleshooting,reference-only,"Generated result, backup, cache, or operational evidence",.txt,779,AI/RAG; EVE-NG; Ping/reachability,,
1.Python Learning/Network Coding/Eve-ng_down_monitor/ping_results/EVE_NG_Ping_2026-08-27_23-01-59.txt,04-observability-and-troubleshooting,reference-only,"Generated result, backup, cache, or operational evidence",.txt,779,AI/RAG; EVE-NG; Ping/reachability,,
1.Python Learning/Network Coding/Eve-ng_down_monitor/ping_results/EVE_NG_Ping_2026-08-27_23-05-47.txt,04-observability-and-troubleshooting,reference-only,"Generated result, backup, cache, or operational evidence",.txt,779,AI/RAG; EVE-NG; Ping/reachability,,
1.Python Learning/Network Coding/Eve-ng_down_monitor/ping_results/EVE_NG_Ping_2026-08-27_23-05-53.txt,04-observability-and-troubleshooting,reference-only,"Generated result, backup, cache, or operational evidence",.txt,779,AI/RAG; EVE-NG; Ping/reachability,,
1.Python Learning/Network Coding/Eve-ng_down_monitor/ping_results/EVE_NG_Ping_2026-08-27_23-05-58.txt,04-observability-and-troubleshooting,reference-only,"Generated result, backup, cache, or operational evidence",.txt,779,AI/RAG; EVE-NG; Ping/reachability,,
1.Python Learning/Network Coding/Eve-ng_down_monitor/ping_results/EVE_NG_Ping_2026-08-27_23-06-03.txt,04-observability-and-troubleshooting,reference-only,"Generated result, backup, cache, or operational evidence",.txt,779,AI/RAG; EVE-NG; Ping/reachability,,
1.Python Learning/Network Coding/Eve-ng_down_monitor/ping_results/EVE_NG_Ping_2026-08-28_22-52-46.txt,04-observability-and-troubleshooting,reference-only,"Generated result, backup, cache, or operational evidence",.txt,779,AI/RAG; EVE-NG; Ping/reachability,,
1.Python Learning/Network Coding/Eve-ng_down_monitor/ping_results/EVE_NG_Ping_2026-08-28_22-53-35.txt,04-observability-and-troubleshooting,reference-only,"Generated result, backup, cache, or operational evidence",.txt,779,AI/RAG; EVE-NG; Ping/reachability,,
1.Python Learning/Network Coding/Eve-ng_down_monitor/ping_results/EVE_NG_Ping_2026-08-29_23-22-03.txt,04-observability-and-troubleshooting,reference-only,"Generated result, backup, cache, or operational evidence",.txt,681,AI/RAG; EVE-NG; Ping/reachability,,
1.Python Learning/Network Coding/Eve-ng_down_monitor/ping_results/EVE_NG_Ping_2026-08-29_23-22-32.txt,04-observability-and-troubleshooting,reference-only,"Generated result, backup, cache, or operational evidence",.txt,779,AI/RAG; EVE-NG; Ping/reachability,,
1.Python Learning/Network Coding/Eve-ng_down_monitor/ping_results/EVE_NG_Ping_2026-09-02_09-16-22.txt,04-observability-and-troubleshooting,reference-only,"Generated result, backup, cache, or operational evidence",.txt,749,AI/RAG; EVE-NG; Ping/reachability,,
1.Python Learning/Network Coding/Eve-ng_down_monitor/ping_results/EVE_NG_Ping_2026-09-02_09-16-32.txt,04-observability-and-troubleshooting,reference-only,"Generated result, backup, cache, or operational evidence",.txt,782,AI/RAG; EVE-NG; Ping/reachability,,
1.Python Learning/Network Coding/Eve-ng_down_monitor/ping_results/EVE_NG_Ping_2026-09-02_09-16-37.txt,04-observability-and-troubleshooting,reference-only,"Generated result, backup, cache, or operational evidence",.txt,781,AI/RAG; EVE-NG; Ping/reachability,,
1.Python Learning/Network Coding/Eve-ng_down_monitor/ping_results/EVE_NG_Ping_2026-09-20_11-53-30.txt,04-observability-and-troubleshooting,reference-only,"Generated result, backup, cache, or operational evidence",.txt,587,EVE-NG; Ping/reachability,,
1.Python Learning/Network Coding/Eve-ng_down_monitor/ping_results/EVE_NG_Ping_2026-09-20_11-54-07.txt,04-observability-and-troubleshooting,reference-only,"Generated result, backup, cache, or operational evidence",.txt,550,EVE-NG; Ping/reachability,,
1.Python Learning/Network Coding/Eve-ng_down_monitor/ping_results/EVE_NG_Ping_2026-09-20_11-54-29.txt,04-observability-and-troubleshooting,reference-only,"Generated result, backup, cache, or operational evidence",.txt,550,EVE-NG; Ping/reachability,,
1.Python Learning/Network Coding/Eve-ng_down_monitor/ping_results/EVE_NG_Ping_2026-09-20_11-54-50.txt,04-observability-and-troubleshooting,reference-only,"Generated result, backup, cache, or operational evidence",.txt,550,EVE-NG; Ping/reachability,,
1.Python Learning/Network Coding/Eve-ng_down_monitor/ping_results/EVE_NG_Ping_2026-09-20_11-55-10.txt,04-observability-and-troubleshooting,reference-only,"Generated result, backup, cache, or operational evidence",.txt,550,EVE-NG; Ping/reachability,,
1.Python Learning/Network Coding/Eve-ng_down_monitor/ping_results/EVE_NG_Ping_2026-09-20_11-55-32.txt,04-observability-and-troubleshooting,reference-only,"Generated result, backup, cache, or operational evidence",.txt,779,AI/RAG; EVE-NG; Ping/reachability,,
1.Python Learning/Network Coding/HAR File/capture_har.py,04-observability-and-troubleshooting,copied,Reusable tracked text source,.py,787,HTTP/TLS,,library/04-observability-and-troubleshooting/1.Python Learning/Network Coding/HAR File/capture_har.py
1.Python Learning/Network Coding/https_capture.pcap,04-observability-and-troubleshooting,reference-only,"Binary, captured evidence, generated output, or office document",.pcap,525226,HTTP/TLS; Packet analysis,,
1.Python Learning/Network Coding/icmp_capture.pcap,04-observability-and-troubleshooting,reference-only,"Binary, captured evidence, generated output, or office document",.pcap,384,Packet analysis,,
1.Python Learning/Network Coding/psutil_monitoring_device.ipynb,04-observability-and-troubleshooting,reference-only,Text source is larger than the 2 MB curated-library limit,.ipynb,2651652,,,
1.Python Learning/Network Coding/speed_test copy.ipynb,04-observability-and-troubleshooting,reference-only,"Duplicate, checkpoint, or draft variant",.ipynb,357121,AI/RAG; BGP; CDP/LLDP; DNS; HTTP/TLS; TCP/UDP; YAML/JSON/CSV,,
1.Python Learning/Network Coding/speed_test.ipynb,04-observability-and-troubleshooting,copied,Reusable tracked text source,.ipynb,356295,AI/RAG; BGP; CDP/LLDP; DNS; HTTP/TLS; TCP/UDP; YAML/JSON/CSV,Check what you installed; Another Common Issue; Alternative Method 1: Fast.com API; Alternative Method 2: Measure Download Time Yourself; How it works; Alternative Method 3: Simple Live Speed Test for Learning; If You Want a Gauge Like the Picture; First verify:; Root Cause; Fix 1: Remove Conflicting Package; Fix 2: Import Directly; Fix 3: Check Installed Packages,library/04-observability-and-troubleshooting/1.Python Learning/Network Coding/speed_test.ipynb
1.Python Learning/Network Coding/summary_capture.pcap,04-observability-and-troubleshooting,reference-only,"Binary, captured evidence, generated output, or office document",.pcap,2652,Packet analysis,,
1.Python Learning/Network Coding/system_report.txt,04-observability-and-troubleshooting,reference-only,"Generated result, backup, cache, or operational evidence",.txt,40,,,
1.Python Learning/Network Coding/system_report1233.txt,04-observability-and-troubleshooting,reference-only,"Generated result, backup, cache, or operational evidence",.txt,38,,,
1.Python Learning/Network Coding/tcpdump.ipynb,04-observability-and-troubleshooting,copied,Reusable tracked text source,.ipynb,60455,BGP; DNS; HTTP/TLS; Packet analysis; Ping/reachability; TCP/UDP,1. Simple TCP port scanner with Python; 2. Scan a range of TCP ports; 3. Python equivalent of a basic `tcpdump`; 4. Capture traffic for a particular TCP port; 5. Save the capture as a `.pcap` file; Useful progression for network automation,library/04-observability-and-troubleshooting/1.Python Learning/Network Coding/tcpdump.ipynb
1.Python Learning/Network Coding/wifi_status copy 2.ipynb,04-observability-and-troubleshooting,reference-only,"Duplicate, checkpoint, or draft variant",.ipynb,1632091,AI/RAG; BGP; CDP/LLDP; DNS; HTTP/TLS; TCP/UDP; YAML/JSON/CSV,,
1.Python Learning/Network Coding/wifi_status copy 3.ipynb,04-observability-and-troubleshooting,reference-only,"Duplicate, checkpoint, or draft variant",.ipynb,1621876,AI/RAG; BGP; CDP/LLDP; DNS; HTTP/TLS; TCP/UDP; YAML/JSON/CSV,,
1.Python Learning/Network Coding/wifi_status copy.ipynb,04-observability-and-troubleshooting,reference-only,"Duplicate, checkpoint, or draft variant",.ipynb,1636645,AI/RAG; BGP; CDP/LLDP; DNS; HTTP/TLS; TCP/UDP; YAML/JSON/CSV,,
1.Python Learning/Network Coding/wifi_status.ipynb,04-observability-and-troubleshooting,copied,Reusable tracked text source,.ipynb,1621930,AI/RAG; BGP; CDP/LLDP; DNS; HTTP/TLS; TCP/UDP; YAML/JSON/CSV,"First, see the actual error message; Common Causes; 1. No Wireless Adapter; 2. WLAN AutoConfig Service Disabled; 3. Running in WSL/Linux; 4. Python from Microsoft Store; Safer Version; Verify Outside Python",library/04-observability-and-troubleshooting/1.Python Learning/Network Coding/wifi_status.ipynb
1.Python Learning/Network Coding/wire Shark & packet captures copy.ipynb,04-observability-and-troubleshooting,reference-only,"Duplicate, checkpoint, or draft variant",.ipynb,173282,AI/RAG; ARP; BGP; CDP/LLDP; DNS; HTTP/TLS; Interfaces; Packet analysis; Ping/reachability; SNMP/telemetry; TCP/UDP,,
1.Python Learning/Network Coding/wire Shark & packet captures.ipynb,04-observability-and-troubleshooting,copied,Reusable tracked text source,.ipynb,170943,AI/RAG; ARP; BGP; CDP/LLDP; DNS; HTTP/TLS; Interfaces; Packet analysis; Ping/reachability; SNMP/telemetry; TCP/UDP,"Option 1: Best Beginner Method: PyShark; Step 1: Install Wireshark; Step 2: Install PyShark; Step 3: Find Your Network Interfaces; Example 1: Capture 10 Packets and Print Summary; What you learn here; Example 2: Capture and Print Source IP, Destination IP, Protocol; Example Output; What you learn; Example 3: Capture Only DNS Packets; Example 4: Capture Packets and Save to PCAP File; Example 5: Capture TCP Port 443 Traffic",library/04-observability-and-troubleshooting/1.Python Learning/Network Coding/wire Shark & packet captures.ipynb
1.Python Learning/Network Coding/wireshark_productionready/capture.pcap,04-observability-and-troubleshooting,reference-only,"Binary, captured evidence, generated output, or office document",.pcap,7078,Packet analysis,,
1.Python Learning/Network Coding/wireshark_productionready/capture_20260712_123142.pcap,04-observability-and-troubleshooting,reference-only,"Binary, captured evidence, generated output, or office document",.pcap,24556808,Packet analysis,,
1.Python Learning/Network Coding/wireshark_productionready/tcp_capture.pcap,04-observability-and-troubleshooting,reference-only,"Binary, captured evidence, generated output, or office document",.pcap,16619,Packet analysis; TCP/UDP,,
1.Python Learning/Network Coding/wireshark_productionready/wire shark production ready.ipynb,04-observability-and-troubleshooting,copied,Reusable tracked text source,.ipynb,87789,DNS; HTTP/TLS; Packet analysis; Ping/reachability; TCP/UDP; YAML/JSON/CSV,Project 1: Top Talkers Report; Project 2: DNS Troubleshooting Tool; Project 3: Detect TCP Retransmissions; Project 4: TCP Port Statistics; Project 5: Capture Only One Host; Project 6: Protocol Counter; Project 7: Save Capture with Timestamp; Project 8: Live Traffic Monitor; Project 9: Read PCAP and Generate Report; Project 10: Production-Style Health Report; Recommended Learning Order; Version 1: Basic TCP/UDP/ICMP Counter,library/04-observability-and-troubleshooting/1.Python Learning/Network Coding/wireshark_productionready/wire shark production ready.ipynb
1.Python Learning/Network Coding/wireshark_productionready/wire_shark.ipynb,04-observability-and-troubleshooting,copied,Reusable tracked text source,.ipynb,123720,DNS; HTTP/TLS; Packet analysis; Ping/reachability; TCP/UDP,1. Install Scapy; 2. Capture packets to/from `8.8.8.8`; Only show packets involving TARGET_IP; Capture traffic for a website; Better version: save packets to a `.pcap` file; What happens in different situations; ==========================================; SETTINGS; RESOLVE WEBSITE TO IP; PACKET CALLBACK; TCP; UDP,library/04-observability-and-troubleshooting/1.Python Learning/Network Coding/wireshark_productionready/wire_shark.ipynb
1.Python Learning/web page URL scraping.ipynb,04-observability-and-troubleshooting,copied,Reusable tracked text source,.ipynb,47576,AI/RAG; HTTP/TLS; Ping/reachability,,library/04-observability-and-troubleshooting/1.Python Learning/web page URL scraping.ipynb
1.Python Learning/Automation/inventory.json,05-inventory-and-data,copied,Reusable tracked text source,.json,263,Interfaces; Inventory; YAML/JSON/CSV,,library/05-inventory-and-data/1.Python Learning/Automation/inventory.json
1.Python Learning/Automation/inventory.yml,05-inventory-and-data,copied,Reusable tracked text source,.yml,225,Interfaces; Inventory,,library/05-inventory-and-data/1.Python Learning/Automation/inventory.yml
1.Python Learning/Copilot-Daily-python-Learning/inventory copy.json,05-inventory-and-data,reference-only,"Duplicate, checkpoint, or draft variant",.json,392,Inventory; YAML/JSON/CSV,,
1.Python Learning/Copilot-Daily-python-Learning/inventory.json,05-inventory-and-data,copied,Reusable tracked text source,.json,423,Inventory; YAML/JSON/CSV,,library/05-inventory-and-data/1.Python Learning/Copilot-Daily-python-Learning/inventory.json
1.Python Learning/file and exception handling/inventory.json,05-inventory-and-data,copied,Reusable tracked text source,.json,207,Inventory; YAML/JSON/CSV,,library/05-inventory-and-data/1.Python Learning/file and exception handling/inventory.json
1.Python Learning/file and exception handling/network_inventory.csv,05-inventory-and-data,copied,Reusable tracked text source,.csv,432,Interfaces; Inventory; VLAN; YAML/JSON/CSV,,library/05-inventory-and-data/1.Python Learning/file and exception handling/network_inventory.csv
1.Python Learning/if _name_==_main_/__pycache__/device_inventory.cpython-313.pyc,05-inventory-and-data,reference-only,"Binary, captured evidence, generated output, or office document",.pyc,965,Inventory,,
1.Python Learning/if _name_==_main_/device_inventory.py,05-inventory-and-data,copied,Reusable tracked text source,.py,733,Inventory,,library/05-inventory-and-data/1.Python Learning/if _name_==_main_/device_inventory.py
EVE-NG-Network-Automation/back up code/devices.yaml,05-inventory-and-data,reference-only,"Generated result, backup, cache, or operational evidence",.yaml,300,EVE-NG; YAML/JSON/CSV,,
EVE-NG-Network-Automation/Chat-GPT-Network-Learning/devices.yaml,05-inventory-and-data,copied,Reusable tracked text source,.yaml,294,EVE-NG; YAML/JSON/CSV,,library/05-inventory-and-data/EVE-NG-Network-Automation/Chat-GPT-Network-Learning/devices.yaml
EVE-NG-Network-Automation/Labs/19-JAN/__pycache__/inventory.cpython-313.pyc,05-inventory-and-data,reference-only,"Binary, captured evidence, generated output, or office document",.pyc,665,EVE-NG; Inventory,,
EVE-NG-Network-Automation/Labs/19-JAN/inventory.py,05-inventory-and-data,copied,Reusable tracked text source,.py,1240,EVE-NG; Inventory,,library/05-inventory-and-data/EVE-NG-Network-Automation/Labs/19-JAN/inventory.py
EVE-NG-Network-Automation/Labs/20-JAN/__pycache__/inventory.cpython-313.pyc,05-inventory-and-data,reference-only,"Binary, captured evidence, generated output, or office document",.pyc,388,EVE-NG; Inventory,,
EVE-NG-Network-Automation/Labs/20-JAN/inventory.py,05-inventory-and-data,copied,Reusable tracked text source,.py,421,EVE-NG; Inventory,,library/05-inventory-and-data/EVE-NG-Network-Automation/Labs/20-JAN/inventory.py
EVE-NG-Network-Automation/yaml_files/device.yml,05-inventory-and-data,copied,Reusable tracked text source,.yml,240,EVE-NG; YAML/JSON/CSV,,library/05-inventory-and-data/EVE-NG-Network-Automation/yaml_files/device.yml
EVE-NG-Network-Automation/yaml_files/host.yml,05-inventory-and-data,copied,Reusable tracked text source,.yml,137,Ansible; EVE-NG; YAML/JSON/CSV,,library/05-inventory-and-data/EVE-NG-Network-Automation/yaml_files/host.yml
EVE-NG-Network-Automation/yaml_files/list.yml,05-inventory-and-data,copied,Reusable tracked text source,.yml,143,EVE-NG; VLAN; YAML/JSON/CSV,,library/05-inventory-and-data/EVE-NG-Network-Automation/yaml_files/list.yml
EVE-NG-Network-Automation/yaml_files/network_inventory.yml,05-inventory-and-data,copied,Reusable tracked text source,.yml,167,EVE-NG; Inventory; YAML/JSON/CSV,,library/05-inventory-and-data/EVE-NG-Network-Automation/yaml_files/network_inventory.yml
Network-Automation-Engineer-Course/inventory.example.yaml,05-inventory-and-data,copied,Reusable tracked text source,.yaml,602,BGP; Inventory; YAML/JSON/CSV,,library/05-inventory-and-data/Network-Automation-Engineer-Course/inventory.example.yaml
1.Python Learning/Network Coding/EVE-NG_3_Router_Automation/network_verification_tests.ipynb,06-testing-and-quality,copied,Reusable tracked text source,.ipynb,10194,ARP; BGP; CDP/LLDP; EVE-NG; Interfaces; Inventory; OSPF; Ping/reachability; Routing,"Cisco IOS Network Verification Tests; 1. Management SSH reachability; 2. Device identity, IOS version, uptime, and hardware; 3. Interface status and IP addresses; 4. Interface descriptions; 5. Interface errors, drops, resets, and utilization; 6. OSPF neighbors and adjacency state; 7. OSPF interfaces, database, and learned routes; 8. BGP neighbor summary; 9. BGP table, best paths, and installed BGP routes; 10. Compact OSPF and BGP pass/fail summary; 11. Full routing table and active routing protocols",library/06-testing-and-quality/1.Python Learning/Network Coding/EVE-NG_3_Router_Automation/network_verification_tests.ipynb
1.Python Learning/Network Coding/EVE-NG_3_Router_Automation/read_only_pytests/.gitignore,06-testing-and-quality,copied,Reusable tracked text source,[none],47,EVE-NG; pytest,,library/06-testing-and-quality/1.Python Learning/Network Coding/EVE-NG_3_Router_Automation/read_only_pytests/.gitignore
1.Python Learning/Network Coding/EVE-NG_3_Router_Automation/read_only_pytests/conftest.py,06-testing-and-quality,copied,Reusable tracked text source,.py,3432,EVE-NG; Inventory; Ping/reachability; pytest; YAML/JSON/CSV,,library/06-testing-and-quality/1.Python Learning/Network Coding/EVE-NG_3_Router_Automation/read_only_pytests/conftest.py
1.Python Learning/Network Coding/EVE-NG_3_Router_Automation/read_only_pytests/pytest.ini,06-testing-and-quality,copied,Reusable tracked text source,.ini,115,EVE-NG; pytest,,library/06-testing-and-quality/1.Python Learning/Network Coding/EVE-NG_3_Router_Automation/read_only_pytests/pytest.ini
1.Python Learning/Network Coding/EVE-NG_3_Router_Automation/read_only_pytests/README.md,06-testing-and-quality,copied,Reusable tracked text source,.md,1591,AI/RAG; BGP; CDP/LLDP; EVE-NG; Interfaces; Inventory; OSPF; Ping/reachability; pytest; Routing; TCP/UDP; YAML/JSON/CSV,,library/06-testing-and-quality/1.Python Learning/Network Coding/EVE-NG_3_Router_Automation/read_only_pytests/README.md
1.Python Learning/Network Coding/EVE-NG_3_Router_Automation/read_only_pytests/requirements.txt,06-testing-and-quality,copied,Reusable tracked text source,.txt,32,EVE-NG; Netmiko; pytest,,library/06-testing-and-quality/1.Python Learning/Network Coding/EVE-NG_3_Router_Automation/read_only_pytests/requirements.txt
1.Python Learning/Network Coding/EVE-NG_3_Router_Automation/read_only_pytests/run_read_only_pytests.ipynb,06-testing-and-quality,copied,Reusable tracked text source,.ipynb,12618,BGP; CDP/LLDP; EVE-NG; Interfaces; OSPF; Ping/reachability; pytest; Routing; YAML/JSON/CSV,"Run the Read-Only Network Pytests; 1. Check Python, pytest, and test discovery; 2. Run all read-only tests; 3. Run management and SSH tests; 4. Run interface status, address, description, and error tests; 5. Run OSPF tests; 6. Run BGP tests; 7. Run routing and reachability tests; 8. Run CPU, memory, CDP, logging, and interface-health tests; 9. Run all tests against one selected router; 10. Rerun only tests that failed during the previous run; 11. View the latest saved test summary and artifact location",library/06-testing-and-quality/1.Python Learning/Network Coding/EVE-NG_3_Router_Automation/read_only_pytests/run_read_only_pytests.ipynb
1.Python Learning/Network Coding/EVE-NG_3_Router_Automation/read_only_pytests/test_bgp.py,06-testing-and-quality,copied,Reusable tracked text source,.py,1620,BGP; EVE-NG; Inventory; pytest,,library/06-testing-and-quality/1.Python Learning/Network Coding/EVE-NG_3_Router_Automation/read_only_pytests/test_bgp.py
1.Python Learning/Network Coding/EVE-NG_3_Router_Automation/read_only_pytests/test_interfaces.py,06-testing-and-quality,copied,Reusable tracked text source,.py,2082,EVE-NG; Interfaces; Inventory; pytest,,library/06-testing-and-quality/1.Python Learning/Network Coding/EVE-NG_3_Router_Automation/read_only_pytests/test_interfaces.py
1.Python Learning/Network Coding/EVE-NG_3_Router_Automation/read_only_pytests/test_management.py,06-testing-and-quality,copied,Reusable tracked text source,.py,829,EVE-NG; Inventory; pytest,,library/06-testing-and-quality/1.Python Learning/Network Coding/EVE-NG_3_Router_Automation/read_only_pytests/test_management.py
1.Python Learning/Network Coding/EVE-NG_3_Router_Automation/read_only_pytests/test_operations.py,06-testing-and-quality,copied,Reusable tracked text source,.py,1616,BGP; CDP/LLDP; EVE-NG; Interfaces; Inventory; OSPF; pytest,,library/06-testing-and-quality/1.Python Learning/Network Coding/EVE-NG_3_Router_Automation/read_only_pytests/test_operations.py
1.Python Learning/Network Coding/EVE-NG_3_Router_Automation/read_only_pytests/test_ospf.py,06-testing-and-quality,copied,Reusable tracked text source,.py,1357,EVE-NG; Interfaces; Inventory; OSPF; pytest; Routing,,library/06-testing-and-quality/1.Python Learning/Network Coding/EVE-NG_3_Router_Automation/read_only_pytests/test_ospf.py
1.Python Learning/Network Coding/EVE-NG_3_Router_Automation/read_only_pytests/test_routing_and_reachability.py,06-testing-and-quality,copied,Reusable tracked text source,.py,1114,EVE-NG; Inventory; Ping/reachability; pytest; Routing,,library/06-testing-and-quality/1.Python Learning/Network Coding/EVE-NG_3_Router_Automation/read_only_pytests/test_routing_and_reachability.py
1.Python Learning/Network Coding/EVE-NG_3_Router_Automation/test_lab_automation.py,06-testing-and-quality,copied,Reusable tracked text source,.py,2805,BGP; EVE-NG; Interfaces; Inventory; Netmiko; OSPF; YAML/JSON/CSV,,library/06-testing-and-quality/1.Python Learning/Network Coding/EVE-NG_3_Router_Automation/test_lab_automation.py
1.Python Learning/Network Coding/EVE-NG_3_Router_Automation/verification_runner.py,06-testing-and-quality,copied,Reusable tracked text source,.py,3967,BGP; EVE-NG; Inventory; OSPF; Ping/reachability; TCP/UDP; YAML/JSON/CSV,,library/06-testing-and-quality/1.Python Learning/Network Coding/EVE-NG_3_Router_Automation/verification_runner.py
EVE-NG-Network-Automation/bgp/test_bgp_neighbor_validator.py,06-testing-and-quality,copied,Reusable tracked text source,.py,10351,BGP; EVE-NG; pytest,,library/06-testing-and-quality/EVE-NG-Network-Automation/bgp/test_bgp_neighbor_validator.py
EVE-NG-Network-Automation/fixture_examples/app.py,06-testing-and-quality,copied,Reusable tracked text source,.py,117,EVE-NG,,library/06-testing-and-quality/EVE-NG-Network-Automation/fixture_examples/app.py
EVE-NG-Network-Automation/fixture_examples/example.2.ipynb,06-testing-and-quality,copied,Reusable tracked text source,.ipynb,10619,EVE-NG; HTTP/TLS; pytest,✅ What Are Fixtures in Python (Pytest)?; 🔍 How Fixtures Work (Based on Diogo’s explanation); 🧪 Simple Example; 🎯 Why Fixtures Are Useful; Benefits:; 📐 Fixture Scope; 🧩 Autouse Fixtures; 📁 Conftest.py; 📌 Summary,library/06-testing-and-quality/EVE-NG-Network-Automation/fixture_examples/example.2.ipynb
EVE-NG-Network-Automation/fixture_examples/fixture.ipynb,06-testing-and-quality,copied,Reusable tracked text source,.ipynb,3829,EVE-NG; pytest,,library/06-testing-and-quality/EVE-NG-Network-Automation/fixture_examples/fixture.ipynb
EVE-NG-Network-Automation/fixture_examples/test_app.py,06-testing-and-quality,copied,Reusable tracked text source,.py,408,EVE-NG; pytest,,library/06-testing-and-quality/EVE-NG-Network-Automation/fixture_examples/test_app.py
EVE-NG-Network-Automation/fixture_examples/test_example.py,06-testing-and-quality,copied,Reusable tracked text source,.py,460,EVE-NG; pytest,,library/06-testing-and-quality/EVE-NG-Network-Automation/fixture_examples/test_example.py
EVE-NG-Network-Automation/vlan/test_vlan_utils.py,06-testing-and-quality,copied,Reusable tracked text source,.py,975,EVE-NG; pytest; VLAN,,library/06-testing-and-quality/EVE-NG-Network-Automation/vlan/test_vlan_utils.py
EVE-NG-Network-Automation/yaml_files/testbed_bgp_sample.yaml,06-testing-and-quality,sensitive-review,Likely embedded credential or secret; review and sanitize,.yaml,1369,BGP; EVE-NG; Inventory; YAML/JSON/CSV,,
Network-Public/pytest,06-testing-and-quality,reference-only,Tracked directory or Git submodule reference,[none],0,pytest,,
Network-Public/test_bed/check_lab.py,06-testing-and-quality,copied,Reusable tracked text source,.py,11723,BGP; EVE-NG; Genie; Interfaces; Inventory; pyATS; YAML/JSON/CSV,,library/06-testing-and-quality/Network-Public/test_bed/check_lab.py
Network-Public/test_bed/README.md,06-testing-and-quality,copied,Reusable tracked text source,.md,1628,BGP; EVE-NG; Genie; Interfaces; Inventory; pyATS; YAML/JSON/CSV,,library/06-testing-and-quality/Network-Public/test_bed/README.md
Network-Public/test_bed/test_bed_learning.ipynb,06-testing-and-quality,sensitive-review,Likely embedded credential or secret; review and sanitize,.ipynb,61768,Ansible; BGP; EVE-NG; Genie; HTTP/TLS; Interfaces; Inventory; Netmiko; OSPF; pyATS; pytest; Routing; Subnetting; YAML/JSON/CSV,,
Network-Public/test_bed/testbed.yaml,06-testing-and-quality,copied,Reusable tracked text source,.yaml,2221,EVE-NG; Interfaces; Inventory; Subnetting; YAML/JSON/CSV,,library/06-testing-and-quality/Network-Public/test_bed/testbed.yaml
AI & ML/.ipynb_checkpoints/AI Models Networking-checkpoint.ipynb,07-ai-assisted-networking,reference-only,"Generated result, backup, cache, or operational evidence",.ipynb,96659,Ansible; BGP; Interfaces; Netmiko; OSPF; Routing; SNMP/telemetry,,
AI & ML/AI Models Networking.ipynb,07-ai-assisted-networking,copied,Reusable tracked text source,.ipynb,96659,Ansible; BGP; Interfaces; Netmiko; OSPF; Routing; SNMP/telemetry,🔥 1️⃣ SUPERVISED LEARNING; 🎯 Use Case: Predict Interface Failure; Problem; 🧠 Step 1 — Sample Telemetry Dataset; Simulated telemetry data; 🧠 Step 2 — Train Model; 🧠 Step 3 — Use in Automation; 🔥 Real-world Use; 🔥 2️⃣ UNSUPERVISED LEARNING; 🎯 Use Case: Detect Traffic Anomalies (DDoS / Burst); 🧠 Step 1 — Traffic Dataset; Normal traffic,library/07-ai-assisted-networking/AI & ML/AI Models Networking.ipynb
AI & ML/API_Testing/open_router.ipynb,07-ai-assisted-networking,sensitive-review,Likely embedded credential or secret; review and sanitize,.ipynb,293710,AI/RAG; ARP; BGP; CDP/LLDP; DNS; HTTP/TLS; Interfaces; OSPF; Packet analysis; Ping/reachability; Routing; SNMP/telemetry; Subnetting; TCP/UDP; VLAN; YAML/JSON/CSV,,
AI & ML/API_Testing/Open_router_API_calls&Models.ipynb,07-ai-assisted-networking,sensitive-review,Likely embedded credential or secret; review and sanitize,.ipynb,435640,AI/RAG; BGP; HTTP/TLS; Interfaces; OSPF; Packet analysis; Ping/reachability; Routing; TCP/UDP; YAML/JSON/CSV,,
Network-Public/pyATS_GeminiCLI_Extension-main/gemini-extension.json,07-ai-assisted-networking,copied,Reusable tracked text source,.json,237,AI/RAG; pyATS; YAML/JSON/CSV,,library/07-ai-assisted-networking/Network-Public/pyATS_GeminiCLI_Extension-main/gemini-extension.json
Network-Public/pyATS_GeminiCLI_Extension-main/GEMINI.md,07-ai-assisted-networking,copied,Reusable tracked text source,.md,3349,AI/RAG; Genie; Interfaces; OSPF; Ping/reachability; pyATS; Routing; YAML/JSON/CSV,,library/07-ai-assisted-networking/Network-Public/pyATS_GeminiCLI_Extension-main/GEMINI.md
Network-Public/pyATS_GeminiCLI_Extension-main/LICENSE,07-ai-assisted-networking,copied,Reusable tracked text source,[none],11558,AI/RAG; HTTP/TLS; Interfaces; pyATS,,library/07-ai-assisted-networking/Network-Public/pyATS_GeminiCLI_Extension-main/LICENSE
Network-Public/pyATS_GeminiCLI_Extension-main/README.md,07-ai-assisted-networking,copied,Reusable tracked text source,.md,531,AI/RAG; HTTP/TLS; Inventory; pyATS; YAML/JSON/CSV,,library/07-ai-assisted-networking/Network-Public/pyATS_GeminiCLI_Extension-main/README.md
Network-Public/pyATS_GeminiCLI_Extension-main/servers/requirements.txt,07-ai-assisted-networking,copied,Reusable tracked text source,.txt,78,AI/RAG; pyATS,,library/07-ai-assisted-networking/Network-Public/pyATS_GeminiCLI_Extension-main/servers/requirements.txt
Network-Public/pyATS_GeminiCLI_Extension-main/servers/run.sh,07-ai-assisted-networking,copied,Reusable tracked text source,.sh,1207,AI/RAG; Inventory; pyATS; YAML/JSON/CSV,,library/07-ai-assisted-networking/Network-Public/pyATS_GeminiCLI_Extension-main/servers/run.sh
Network-Public/pyATS_GeminiCLI_Extension-main/servers/server.py,07-ai-assisted-networking,copied,Reusable tracked text source,.py,20125,AI/RAG; Genie; Inventory; Ping/reachability; pyATS; YAML/JSON/CSV,,library/07-ai-assisted-networking/Network-Public/pyATS_GeminiCLI_Extension-main/servers/server.py
Network-Public/pyATS_GeminiCLI_Extension-main/servers/testbed.yaml,07-ai-assisted-networking,sensitive-review,Likely embedded credential or secret; review and sanitize,.yaml,2940,AI/RAG; Inventory; pyATS; YAML/JSON/CSV,,
1.Python Learning/file and exception handling/network_data.1.txt,08-reference-and-uncategorized,copied,Reusable tracked text source,.txt,66,,,library/08-reference-and-uncategorized/1.Python Learning/file and exception handling/network_data.1.txt
1.Python Learning/file and exception handling/network_data.2..txt,08-reference-and-uncategorized,copied,Reusable tracked text source,.txt,846,BGP; Interfaces; Inventory; Ping/reachability; Routing,,library/08-reference-and-uncategorized/1.Python Learning/file and exception handling/network_data.2..txt
1.Python Learning/file and exception handling/network_data.txt,08-reference-and-uncategorized,copied,Reusable tracked text source,.txt,491,BGP; Interfaces; Inventory; Routing,,library/08-reference-and-uncategorized/1.Python Learning/file and exception handling/network_data.txt
1.Python Learning/file and exception handling/network_devices (1).csv,08-reference-and-uncategorized,copied,Reusable tracked text source,.csv,146,YAML/JSON/CSV,,library/08-reference-and-uncategorized/1.Python Learning/file and exception handling/network_devices (1).csv
1.Python Learning/file and exception handling/network_devices.csv,08-reference-and-uncategorized,copied,Reusable tracked text source,.csv,214,YAML/JSON/CSV,,library/08-reference-and-uncategorized/1.Python Learning/file and exception handling/network_devices.csv
1.Python Learning/file and exception handling/network_devices.txt,08-reference-and-uncategorized,copied,Reusable tracked text source,.txt,810,Interfaces,,library/08-reference-and-uncategorized/1.Python Learning/file and exception handling/network_devices.txt
1.Python Learning/file and exception handling/network_file_handling_practice.py,08-reference-and-uncategorized,copied,Reusable tracked text source,.py,7871,Interfaces; Inventory; Ping/reachability; Subnetting; TCP/UDP; VLAN; YAML/JSON/CSV,,library/08-reference-and-uncategorized/1.Python Learning/file and exception handling/network_file_handling_practice.py
1.Python Learning/if _name_==_main_/__pycache__/network_tools.cpython-313.pyc,08-reference-and-uncategorized,reference-only,"Binary, captured evidence, generated output, or office document",.pyc,683,,,
1.Python Learning/if _name_==_main_/network_tools.py,08-reference-and-uncategorized,copied,Reusable tracked text source,.py,245,Ping/reachability,,library/08-reference-and-uncategorized/1.Python Learning/if _name_==_main_/network_tools.py
1.Python Learning/JSON/cisco_books.txt,08-reference-and-uncategorized,copied,Reusable tracked text source,.txt,349,YAML/JSON/CSV,,library/08-reference-and-uncategorized/1.Python Learning/JSON/cisco_books.txt
1.Python Learning/JSON/cisco_books_1.txt,08-reference-and-uncategorized,copied,Reusable tracked text source,.txt,349,YAML/JSON/CSV,,library/08-reference-and-uncategorized/1.Python Learning/JSON/cisco_books_1.txt
1.Python Learning/JSON/the_file_has_updated_data_to_cisco_books.txt,08-reference-and-uncategorized,copied,Reusable tracked text source,.txt,349,YAML/JSON/CSV,,library/08-reference-and-uncategorized/1.Python Learning/JSON/the_file_has_updated_data_to_cisco_books.txt
1.Python Learning/JSON/This_is_the_nested_way_of_updating_data_cisco_books_1.txt,08-reference-and-uncategorized,copied,Reusable tracked text source,.txt,349,YAML/JSON/CSV,,library/08-reference-and-uncategorized/1.Python Learning/JSON/This_is_the_nested_way_of_updating_data_cisco_books_1.txt
1.Python Learning/Libraries_learning/network_portal.png,08-reference-and-uncategorized,reference-only,"Binary, captured evidence, generated output, or office document",.png,257381,,,
1.Python Learning/Network Coding/HAR File/google.har,08-reference-and-uncategorized,reference-only,"Binary, captured evidence, generated output, or office document",.har,3613468,,,
1.Python Learning/Network Coding/HAR File/HAR files.ipynb,08-reference-and-uncategorized,copied,Reusable tracked text source,.ipynb,124114,AI/RAG; CDP/LLDP; DNS; HTTP/TLS; Ping/reachability; SNMP/telemetry; TCP/UDP; YAML/JSON/CSV,Why your notebook fails; You can still analyze the HAR in your notebook,library/08-reference-and-uncategorized/1.Python Learning/Network Coding/HAR File/HAR files.ipynb
1.Python Learning/Network Coding/HAR File/microsoft.har,08-reference-and-uncategorized,reference-only,"Binary, captured evidence, generated output, or office document",.har,16494663,,,
1.Python Learning/Network Coding/HAR File/microsoft_har.py,08-reference-and-uncategorized,copied,Reusable tracked text source,.py,799,HTTP/TLS,,library/08-reference-and-uncategorized/1.Python Learning/Network Coding/HAR File/microsoft_har.py
1.Python Learning/Network Coding/network_engineer_practice.py,08-reference-and-uncategorized,copied,Reusable tracked text source,.py,3009,Interfaces; Subnetting; YAML/JSON/CSV,,library/08-reference-and-uncategorized/1.Python Learning/Network Coding/network_engineer_practice.py
AI & ML/Neural Network.ipynb,08-reference-and-uncategorized,reference-only,Text source is larger than the 2 MB curated-library limit,.ipynb,2651343,,,
AI & ML/SciPy/Network Engineer.ipynb,08-reference-and-uncategorized,copied,Reusable tracked text source,.ipynb,178652,AI/RAG; BGP; CDP/LLDP; DNS; HTTP/TLS; Interfaces; Routing; TCP/UDP; YAML/JSON/CSV,"Row = source router; column = destination router.; Here, zero means no direct link.; Walk backward from the destination to reconstruct the path.; Instantaneous throughput samples taken every 10 seconds.; Mbps × seconds = megabits.; Eight bits per byte; decimal units.; Each position represents the same branch in both arrays.; Values are average RTTs in milliseconds.; Test whether average latency AFTER is lower than BEFORE.; One sample each second for 10 minutes.; Ignore zero frequency before converting frequency to period.",library/08-reference-and-uncategorized/AI & ML/SciPy/Network Engineer.ipynb
Network-Public/Cloud_fare_testing.ipynb,08-reference-and-uncategorized,reference-only,Text source is larger than the 2 MB curated-library limit,.ipynb,2121455,,,
